{"cameraMode":{"drawMode":0,"name":"Shaded","section":"Shading Mode"},"sceneLighting":false,"audioPlay":false,"sceneViewState":{"showFog":true,"showMaterialUpdate":false,"showSkybox":false,"showFlares":true,"showImageEffects":true,"showParticleSystems":true},"in2DMode":false,"pivot":{"x":8.501110076904297,"y":1.3164011240005494,"z":3.146972894668579},"rotation":{"x":-0.05330517515540123,"y":-0.5666974186897278,"z":0.0367954783141613,"w":-0.8214335441589356},"size":1.2247449159622193,"orthographic":false}